[
	{
		"inputs": [
			{
				"internalType": "string",
				"name": "n_user",
				"type": "string"
			},
			{
				"internalType": "uint256",
				"name": "n_score",
				"type": "uint256"
			},
			{
				"internalType": "address",
				"name": "n_address",
				"type": "address"
			}
		],
		"name": "add_member",
		"outputs": [
			{
				"internalType": "bool",
				"name": "transaction",
				"type": "bool"
			}
		],
		"stateMutability": "nonpayable",
		"type": "function"
	},
	{
		"inputs": [
			{
				"internalType": "uint256",
				"name": "",
				"type": "uint256"
			}
		],
		"name": "leaderboard",
		"outputs": [
			{
				"internalType": "string",
				"name": "user",
				"type": "string"
			},
			{
				"internalType": "uint256",
				"name": "score",
				"type": "uint256"
			},
			{
				"internalType": "address",
				"name": "_address",
				"type": "address"
			}
		],
		"stateMutability": "view",
		"type": "function"
	},
	{
		"inputs": [
			{
				"internalType": "uint256",
				"name": "n",
				"type": "uint256"
			}
		],
		"name": "view_address",
		"outputs": [
			{
				"internalType": "address",
				"name": "v_address",
				"type": "address"
			}
		],
		"stateMutability": "view",
		"type": "function"
	},
	{
		"inputs": [
			{
				"internalType": "uint256",
				"name": "n",
				"type": "uint256"
			}
		],
		"name": "view_score",
		"outputs": [
			{
				"internalType": "uint256",
				"name": "v_score",
				"type": "uint256"
			}
		],
		"stateMutability": "view",
		"type": "function"
	},
	{
		"inputs": [
			{
				"internalType": "uint256",
				"name": "n",
				"type": "uint256"
			}
		],
		"name": "view_user",
		"outputs": [
			{
				"internalType": "string",
				"name": "_user",
				"type": "string"
			}
		],
		"stateMutability": "view",
		"type": "function"
	}
]
