[{"inputs":[{"internalType":"address","name":"addresstoken","type":"address"}],"stateMutability":"nonpayable","type":"constructor"},{"anonymous":false,"inputs":[{"indexed":true,"internalType":"address","name":"oldtoken","type":"address"},{"indexed":true,"internalType":"address","name":"token","type":"address"}],"name":"Change_token","type":"event"},{"anonymous":false,"inputs":[{"indexed":true,"internalType":"address","name":"old_owner","type":"address"},{"indexed":true,"internalType":"address","name":"owner","type":"address"}],"name":"Transfer_ownership","type":"event"},{"inputs":[{"internalType":"contract IERC20","name":"_token","type":"address"},{"internalType":"address[]","name":"_to","type":"address[]"},{"internalType":"uint256[]","name":"_value","type":"uint256[]"}],"name":"PrimeAirdrop","outputs":[],"stateMutability":"nonpayable","type":"function"},{"inputs":[{"internalType":"string","name":"user","type":"string"},{"internalType":"uint256","name":"score","type":"uint256"},{"internalType":"address","name":"_temp_address","type":"address"}],"name":"addScore","outputs":[{"internalType":"bool","name":"transaction","type":"bool"}],"stateMutability":"nonpayable","type":"function"},{"inputs":[{"internalType":"contract IERC20","name":"_token","type":"address"},{"internalType":"address[]","name":"_to","type":"address[]"},{"internalType":"uint256[]","name":"_value","type":"uint256[]"}],"name":"bulkAirdropERC20","outputs":[],"stateMutability":"nonpayable","type":"function"},{"inputs":[{"internalType":"address","name":"new_token","type":"address"}],"name":"changeToken","outputs":[{"internalType":"bool","name":"","type":"bool"}],"stateMutability":"nonpayable","type":"function"},{"inputs":[{"internalType":"uint256","name":"","type":"uint256"}],"name":"leaderboard","outputs":[{"internalType":"string","name":"user","type":"string"},{"internalType":"uint256","name":"score","type":"uint256"},{"internalType":"address","name":"_address","type":"address"}],"stateMutability":"view","type":"function"},{"inputs":[{"internalType":"uint256","name":"position","type":"uint256"}],"name":"see_rank_address","outputs":[{"internalType":"address","name":"","type":"address"}],"stateMutability":"view","type":"function"},{"inputs":[{"internalType":"uint256","name":"position","type":"uint256"}],"name":"see_rank_name","outputs":[{"internalType":"string","name":"","type":"string"}],"stateMutability":"view","type":"function"},{"inputs":[{"internalType":"uint256","name":"position","type":"uint256"}],"name":"see_rank_score","outputs":[{"internalType":"uint256","name":"","type":"uint256"}],"stateMutability":"view","type":"function"},{"inputs":[],"name":"token","outputs":[{"internalType":"address","name":"","type":"address"}],"stateMutability":"view","type":"function"},{"inputs":[{"internalType":"address payable","name":"new_receiver","type":"address"}],"name":"transferownership","outputs":[{"internalType":"bool","name":"","type":"bool"}],"stateMutability":"nonpayable","type":"function"}]
